date,Trans,Hours,Visits,Unit,Net_Sales
2014-01-31,401.0,0.0,0.0,1064.0,18232.2
2014-02-01,414.0,0.0,0.0,1094.0,20172.839999999997
2014-02-02,319.0,217.266566,1468.0,775.0,14434.439999999999
2014-02-03,214.0,222.58333000000002,3467.0,554.0,10980.579999999998
2014-02-04,200.0,191.666726,2110.0,536.0,9725.82
2014-02-05,147.0,157.69998600000002,563.0,440.0,9230.46
2014-02-06,252.0,206.95,974.0,723.0,13980.48
2014-02-07,354.0,265.81676,1459.0,960.0,19084.820000000003
2014-02-08,612.0,317.8333219999999,2622.0,1954.0,35241.59
2014-02-09,610.0,246.15006,2305.0,2177.0,39534.67
2014-02-10,297.0,219.96655600000003,1059.0,813.0,15102.38
2014-02-11,360.0,166.65002,1322.0,1012.0,21117.730000000003
2014-02-12,417.0,164.99998300000001,1343.0,1330.0,27463.79
2014-02-13,568.0,202.416623,1639.0,1593.0,34568.28
2014-02-14,622.0,261.333296,2004.0,1764.0,36323.64
2014-02-15,1027.0,313.283406,3853.0,3286.0,47929.63
2014-02-16,646.0,194.20010199999996,2650.0,2072.0,28495.650000000005
2014-02-17,356.0,169.999924,1212.0,1077.0,15364.16
2014-02-18,281.0,158.950096,951.0,828.0,14580.84
2014-02-19,242.0,178.28323299999997,901.0,640.0,11648.35
2014-02-20,278.0,172.81673300000003,967.0,721.0,14308.920000000002
2014-02-21,419.0,206.11661299999997,1513.0,1155.0,21010.63
2014-02-22,836.0,261.016596,3558.0,2426.0,41462.87999999999
2014-02-23,537.0,192.699886,2380.0,1759.0,28428.000000000004
2014-02-24,287.0,167.983393,1023.0,742.0,12939.830000000002
2014-02-25,407.0,169.61662599999997,1301.0,1435.0,25345.040000000005
2014-02-26,331.0,181.749923,1149.0,970.0,17145.23
2014-02-27,406.0,198.61676299999996,1251.0,1268.0,23035.590000000004
2014-02-28,615.0,248.11659300000002,2299.0,1824.0,34274.18
2014-03-01,930.0,325.699936,3918.0,2934.0,55425.80999999999
2014-03-02,576.0,200.90008600000002,2539.0,1634.0,33201.82
2014-03-03,293.0,171.01663000000002,1002.0,848.0,16421.93
2014-03-04,269.0,139.28323,894.0,618.0,12126.050000000001
2014-03-05,243.0,175.616792,900.0,725.0,14114.269999999999
2014-03-06,329.0,214.083226,1163.0,980.0,18635.14
2014-03-07,497.0,217.06677,1747.0,1432.0,27992.739999999998
2014-03-08,935.0,309.6668020000001,3814.0,2820.0,56123.759999999995
2014-03-09,552.0,204.68325600000003,2194.0,1509.0,27780.52
2014-03-10,338.0,187.099906,1279.0,949.0,16875.35
2014-03-11,316.0,159.79989,1072.0,1031.0,17026.43
2014-03-12,299.0,150.85013300000003,1016.0,917.0,17070.39
2014-03-13,361.0,187.41669100000001,1275.0,1087.0,21224.920000000002
2014-03-14,497.0,239.23320299999997,1685.0,1397.0,27188.39
2014-03-15,859.0,308.050156,3278.0,2531.0,47992.770000000004
2014-03-16,599.0,260.216586,2266.0,1766.0,32002.15
2014-03-17,351.0,233.916698,1101.0,1018.0,19041.35
2014-03-18,307.0,213.216663,973.0,862.0,16828.28
2014-03-19,347.0,197.816561,1104.0,1045.0,18113.300000000003
2014-03-20,430.0,218.36669300000005,1253.0,1746.0,22122.849999999995
2014-03-21,550.0,306.7,1714.0,2285.0,26983.71
2014-03-22,1117.0,389.93313600000005,3853.0,4742.0,59002.98
2014-03-23,734.0,214.350092,2676.0,3023.0,33106.009999999995
2014-03-24,594.0,261.44995,2170.0,2242.0,27032.64
2014-03-25,448.0,254.06649600000003,1747.0,1373.0,23431.36
2014-03-26,425.0,205.58326,1708.0,1174.0,21539.620000000003
2014-03-27,406.0,215.933493,1630.0,1190.0,23561.93
2014-03-28,526.0,281.11652999999995,2122.0,1506.0,27383.440000000002
2014-03-29,884.0,349.61677000000003,3455.0,2850.0,49488.88
2014-03-30,496.0,252.25003,1883.0,1454.0,26371.25
2014-03-31,543.0,243.91675,1295.0,1521.0,25374.07
2014-04-01,371.0,194.183296,1097.0,987.0,18222.52
2014-04-02,445.0,188.16669000000002,1213.0,1302.0,24613.98
2014-04-03,393.0,209.099923,1213.0,1351.0,20120.320000000003
2014-04-04,528.0,276.49999,1701.0,1771.0,26563.36
2014-04-05,923.0,376.466763,3256.0,3175.0,50827.93
2014-04-06,550.0,233.06676199999998,1889.0,1986.0,27412.74
2014-04-07,309.0,218.08337,932.0,1033.0,16429.739999999998
2014-04-08,333.0,199.21656300000004,944.0,1093.0,15637.599999999999
2014-04-09,351.0,189.88339600000003,936.0,1101.0,17533.39
2014-04-10,440.0,233.44997999999998,1082.0,1600.0,20318.33
2014-04-11,528.0,248.00016599999998,1465.0,1927.0,26473.249999999996
2014-04-12,777.0,325.80013,2517.0,2854.0,40654.45
2014-04-13,596.0,232.59991899999997,1854.0,2183.0,30770.449999999997
2014-04-14,311.0,254.59984999999998,954.0,1136.0,17836.53
2014-04-15,390.0,240.900066,1095.0,1506.0,22517.94
2014-04-16,386.0,240.28336600000003,1148.0,1613.0,22770.27
2014-04-17,430.0,249.816666,1220.0,1591.0,22467.59
2014-04-18,843.0,364.81656,2611.0,3096.0,48095.82
2014-04-19,889.0,417.316596,2867.0,3026.0,45313.689999999995
2014-04-21,382.0,266.483295,1041.0,1314.0,21779.12
2014-04-22,347.0,259.483403,979.0,1102.0,17415.58
2014-04-23,367.0,230.15023199999996,1078.0,1217.0,18923.989999999998
2014-04-24,421.0,272.96659600000004,1163.0,1461.0,23548.64
2014-04-25,513.0,285.81686,1384.0,1813.0,27858.689999999995
2014-04-26,879.0,373.73326,2582.0,3194.0,47538.76
2014-04-27,646.0,228.48342,1901.0,2197.0,32952.17
2014-04-28,443.0,280.3167,1146.0,1559.0,22003.230000000003
2014-04-29,505.0,274.133323,1762.0,1427.0,23794.100000000002
2014-04-30,365.0,191.83320999999998,889.0,1237.0,19527.47
2014-05-01,347.0,231.400126,1004.0,1197.0,18609.300000000003
2014-05-02,423.0,265.95013,1346.0,1391.0,23665.040000000005
2014-05-03,720.0,338.51653,2286.0,2424.0,37515.63
2014-05-04,400.0,189.48336,1495.0,1514.0,22342.769999999997
2014-05-05,252.0,164.7833,839.0,983.0,13734.16
2014-05-06,315.0,150.466639,908.0,1414.0,17314.050000000003
2014-05-07,370.0,167.65000000000003,1089.0,1541.0,19528.47
2014-05-08,332.0,184.44994899999998,1049.0,1475.0,19378.93
2014-05-09,497.0,225.91670000000005,1569.0,1994.0,26756.35
2014-05-10,798.0,303.250056,2659.0,3197.0,42834.090000000004
2014-05-11,453.0,189.11662,1657.0,1900.0,25373.970000000005
2014-05-12,300.0,222.39982999999995,1011.0,1105.0,15441.609999999999
2014-05-13,348.0,210.93335999999996,1040.0,1512.0,21268.260000000002
2014-05-14,402.0,217.466553,1246.0,1626.0,23158.88
2014-05-15,402.0,218.69996,1200.0,1760.0,26357.73
2014-05-16,530.0,237.26672599999998,1619.0,1991.0,30199.930000000004
2014-05-17,735.0,295.466723,2629.0,2802.0,40222.7
2014-05-18,440.0,194.13331599999998,1585.0,1568.0,24126.390000000003
2014-05-19,360.0,210.18335000000002,957.0,1234.0,19716.34
2014-05-20,402.0,222.649863,1030.0,1459.0,22909.38
2014-05-21,364.0,210.633295,1060.0,1416.0,18967.72
2014-05-22,469.0,212.30017999999995,1157.0,1987.0,25424.510000000006
2014-05-23,663.0,285.24998,1741.0,2915.0,34041.65000000001
2014-05-24,839.0,360.51663,2417.0,3758.0,47490.26000000001
2014-05-25,493.0,219.63326,1564.0,2205.0,25323.8
2014-05-26,753.0,272.483396,2171.0,3511.0,37606.96
2014-05-27,340.0,193.39989,979.0,1121.0,18694.010000000002
2014-05-28,474.0,228.01669,1763.0,1561.0,28047.850000000002
2014-05-29,389.0,177.96674,1149.0,1214.0,20673.199999999997
2014-05-30,511.0,220.23332000000002,1358.0,1625.0,27590.649999999998
2014-05-31,653.0,307.733328,2071.0,2390.0,37578.31
2014-06-01,444.0,210.09997,1481.0,1696.0,28181.059999999998
2014-06-02,413.0,243.28319600000003,1314.0,1397.0,23882.739999999998
2014-06-03,376.0,191.61655899999994,1116.0,1078.0,18591.83
2014-06-04,450.0,207.83342999999996,1521.0,1391.0,24867.07
2014-06-05,452.0,207.01683,1305.0,1421.0,24828.809999999998
2014-06-06,507.0,238.44993300000002,1469.0,1457.0,27047.479999999996
2014-06-07,628.0,291.18332,2095.0,2083.0,36960.05
2014-06-08,543.0,211.43325999999996,1872.0,1842.0,32017.72
2014-06-09,257.0,170.45005999999995,946.0,701.0,13418.780000000002
2014-06-10,1561.0,491.05005900000003,3601.0,7162.0,113723.67000000001
2014-06-11,1130.0,326.28333,2953.0,4620.0,70456.71
2014-06-12,902.0,293.966596,2298.0,3318.0,55207.39
2014-06-13,922.0,348.23346,2317.0,3413.0,52818.520000000004
2014-06-14,1004.0,398.816662,2885.0,3539.0,51886.700000000004
2014-06-15,629.0,206.46669,1690.0,2516.0,36771.090000000004
2014-06-16,598.0,228.95005600000002,1603.0,2349.0,35213.17
2014-06-17,608.0,255.70010000000002,1621.0,2252.0,32574.75
2014-06-18,725.0,243.93342600000003,1816.0,2699.0,37374.78
2014-06-19,738.0,234.41656000000003,1766.0,2841.0,37773.93
2014-06-20,929.0,292.200106,2261.0,3570.0,43755.64000000001
2014-06-21,1149.0,350.1999300000001,2860.0,5317.0,53903.57000000001
2014-06-22,786.0,202.016628,2209.0,3686.0,37443.92
2014-06-23,672.0,222.733326,1888.0,2565.0,28156.96
2014-06-24,607.0,215.75018999999998,1681.0,2491.0,25746.23
2014-06-25,570.0,208.31669999999997,1699.0,2085.0,26333.660000000003
2014-06-26,584.0,227.59993000000003,1437.0,2116.0,26108.120000000003
2014-06-27,628.0,205.71672,1645.0,2214.0,33241.700000000004
2014-06-28,738.0,242.86672299999998,2317.0,2937.0,36609.23
2014-06-29,414.0,159.51675000000003,1365.0,1565.0,23289.24
2014-06-30,385.0,161.116548,1278.0,1198.0,15551.779999999999
2014-07-01,461.0,236.08333,1285.0,1711.0,23682.59
2014-07-02,525.0,195.69979999999995,1681.0,1879.0,26931.24
2014-07-03,569.0,200.96675000000002,1754.0,1951.0,27780.170000000002
2014-07-04,383.0,164.91658999999999,1280.0,1251.0,18609.16
2014-07-05,607.0,237.34989000000002,2104.0,2183.0,32628.07
2014-07-06,421.0,151.55012999999997,1466.0,1502.0,20445.82
2014-07-07,377.0,193.39990000000003,1184.0,1342.0,18519.260000000002
2014-07-08,431.0,206.566759,1383.0,1443.0,18421.62
2014-07-09,379.0,166.699952,1316.0,1450.0,18877.190000000002
2014-07-10,495.0,186.51653,1613.0,2171.0,27054.27
2014-07-11,569.0,201.41646,1782.0,2358.0,30841.59
2014-07-12,704.0,243.56680599999999,2716.0,3159.0,39505.82000000001
2014-07-13,371.0,162.90005200000002,1391.0,1390.0,18729.36
2014-07-14,399.0,185.89999,1444.0,1404.0,21006.49
2014-07-15,378.0,200.51678600000002,1329.0,1403.0,19333.53
2014-07-16,408.0,164.649863,1407.0,1582.0,23831.21
2014-07-17,430.0,170.45005899999998,1263.0,1572.0,24098.61
2014-07-18,495.0,204.15009,1591.0,1766.0,27363.85
2014-07-19,710.0,246.04985000000002,2151.0,3431.0,39142.11
2014-07-20,460.0,165.68325199999998,1587.0,2558.0,24772.44
2014-07-21,347.0,186.86666,1256.0,1427.0,21045.72
2014-07-22,382.0,171.79997,1172.0,1379.0,20453.66
2014-07-23,421.0,173.183328,1451.0,1581.0,23781.2
2014-07-24,493.0,195.38336999999999,1438.0,1722.0,24971.32
2014-07-25,624.0,235.75007,1918.0,2211.0,33951.78
2014-07-26,644.0,227.09987,2278.0,2584.0,32281.249999999996
2014-07-27,455.0,161.38335999999998,1635.0,1706.0,23559.739999999998
2014-07-28,424.0,223.55003500000004,1737.0,1768.0,21585.79
2014-07-29,558.0,235.49999999999997,1905.0,2695.0,33562.32000000001
2014-07-30,533.0,203.21674,1778.0,2414.0,32178.909999999996
2014-07-31,534.0,203.26668999999998,1703.0,2361.0,32760.27
2014-08-01,557.0,246.03323000000003,2017.0,2456.0,33421.229999999996
2014-08-02,674.0,290.69979,2637.0,3355.0,41821.06999999999
2014-08-03,465.0,182.85011500000002,1762.0,1990.0,26454.820000000003
2014-08-04,373.0,178.63349,1416.0,1515.0,22069.79
2014-08-05,432.0,171.649896,1564.0,1562.0,23592.42
2014-08-06,437.0,185.83346,1512.0,1571.0,22247.219999999998
2014-08-07,398.0,221.30010300000004,1470.0,1542.0,22887.78
2014-08-08,513.0,233.25009,1958.0,1921.0,28658.22
2014-08-09,623.0,252.049936,2369.0,2863.0,36459.04
2014-08-10,435.0,173.24999100000002,1765.0,1757.0,23756.86
2014-08-11,430.0,172.08326000000005,1986.0,1645.0,23015.559999999998
2014-08-12,398.0,143.15012,1667.0,1666.0,21120.070000000003
2014-08-13,368.0,148.38329999999996,1286.0,1588.0,22569.05
2014-08-14,377.0,181.166626,1349.0,1545.0,21230.09
2014-08-15,533.0,218.69992599999998,1838.0,2053.0,30475.61
2014-08-16,691.0,224.95004299999997,2649.0,2867.0,40367.25
2014-08-17,449.0,163.13326000000004,1821.0,2031.0,29164.48
2014-08-18,390.0,132.266796,1440.0,1522.0,22591.81
2014-08-19,449.0,122.383259,1680.0,1784.0,24405.28
2014-08-20,422.0,161.03341999999998,1391.0,1739.0,24116.55
2014-08-21,435.0,189.36676300000002,1471.0,1832.0,27596.47
2014-08-22,465.0,196.59981900000002,1481.0,1899.0,27269.850000000002
2014-08-23,711.0,236.59989999999996,2594.0,2917.0,40875.37
2014-08-24,437.0,147.64996200000002,1621.0,1789.0,24745.22
2014-08-25,334.0,139.56669,1095.0,1398.0,17818.48
2014-08-26,237.0,149.98328999999998,796.0,777.0,12574.279999999999
2014-08-27,250.0,126.74998,688.0,868.0,14513.769999999999
2014-08-28,393.0,166.51662,1029.0,2099.0,21403.77
2014-08-29,502.0,178.49985599999997,1375.0,2352.0,25142.72
2014-08-30,794.0,224.38339299999998,2427.0,3779.0,42017.119999999995
2014-08-31,472.0,154.81665300000003,1625.0,2384.0,25746.440000000002
2014-09-01,623.0,185.13330000000002,2349.0,3119.0,31666.86
2014-09-02,218.0,134.18332999999998,708.0,859.0,13308.39
2014-09-03,188.0,118.11659400000002,722.0,813.0,9902.03
2014-09-04,278.0,137.80006000000003,871.0,1316.0,18742.960000000003
2014-09-05,381.0,188.38324000000003,1171.0,1670.0,24657.140000000003
2014-09-06,539.0,201.55003799999997,2126.0,2343.0,33337.03999999999
2014-09-07,339.0,123.500066,1278.0,1363.0,17969.34
2014-09-08,250.0,120.13339799999999,802.0,1023.0,14640.470000000001
2014-09-09,256.0,111.73331300000002,784.0,1007.0,14246.359999999999
2014-09-10,252.0,125.68318,922.0,1035.0,16192.490000000002
2014-09-11,293.0,160.61663,1117.0,1213.0,15968.050000000001
2014-09-12,334.0,170.08325000000002,1242.0,1309.0,19171.08
2014-09-13,613.0,223.31669,2381.0,2416.0,32944.270000000004
2014-09-14,424.0,137.066763,1494.0,1677.0,22828.41
2014-09-15,262.0,130.89999,840.0,1104.0,17420.870000000003
2014-09-16,206.0,148.68323,661.0,812.0,11687.55
2014-09-17,237.0,133.65,704.0,892.0,13561.16
2014-09-18,299.0,144.76675,830.0,1237.0,19106.82
2014-09-19,389.0,184.68336999999997,1221.0,1653.0,22727.219999999998
2014-09-20,656.0,228.0667,2334.0,2458.0,32147.01
2014-09-21,437.0,151.95015999999998,1650.0,1814.0,24102.75
2014-09-22,243.0,169.69998900000004,726.0,988.0,13326.279999999999
2014-09-23,295.0,147.78325,955.0,1383.0,15683.1
2014-09-24,291.0,132.01669,877.0,1368.0,16782.32
2014-09-25,300.0,128.61668600000002,1003.0,1259.0,17366.42
2014-09-26,386.0,187.93338900000003,1200.0,1545.0,21536.979999999996
2014-09-27,668.0,211.766726,2276.0,2744.0,36648.51
2014-09-28,391.0,132.499947,1403.0,1565.0,19211.399999999998
2014-09-29,285.0,135.81654000000003,851.0,1225.0,15514.760000000002
2014-09-30,271.0,130.516606,768.0,1067.0,14526.130000000001
2014-10-01,234.0,124.50009,697.0,863.0,12467.89
2014-10-02,236.0,111.6,727.0,894.0,15199.500000000002
2014-10-03,346.0,153.43318000000002,1105.0,1465.0,18677.120000000003
2014-10-04,597.0,199.76664,2263.0,2590.0,35077.659999999996
2014-10-05,356.0,155.54990000000004,1303.0,1483.0,18733.12
2014-10-06,248.0,122.34995199999999,821.0,1116.0,14454.56
2014-10-07,229.0,107.733396,721.0,917.0,12614.12
2014-10-08,263.0,113.75004000000001,819.0,972.0,13837.529999999999
2014-10-09,263.0,133.800026,798.0,1004.0,14468.949999999999
2014-10-10,474.0,171.649926,1466.0,2566.0,27771.120000000003
2014-10-11,825.0,234.96672000000004,2417.0,4236.0,41671.42
2014-10-12,463.0,147.08346300000002,1471.0,2502.0,23330.26
2014-10-13,348.0,169.76674400000002,1312.0,1480.0,20023.31
2014-10-14,219.0,120.116646,699.0,927.0,13237.390000000001
2014-10-15,214.0,129.53335,711.0,913.0,11894.869999999999
2014-10-16,261.0,107.53335300000002,790.0,987.0,15628.439999999999
2014-10-17,370.0,176.26679000000001,1219.0,1530.0,22787.98
2014-10-18,623.0,187.73349000000002,2315.0,2519.0,36188.88
2014-10-19,413.0,157.9501,1462.0,1774.0,25563.85
2014-10-20,256.0,141.60003,911.0,1025.0,14086.06
2014-10-21,285.0,122.416659,879.0,1366.0,17955.31
2014-10-22,309.0,113.41665000000003,940.0,1333.0,18283.03
2014-10-23,281.0,111.31663,872.0,1215.0,15051.76
2014-10-24,401.0,180.650038,1413.0,1719.0,23179.47
2014-10-25,534.0,220.73339999999996,2218.0,2498.0,32506.149999999998
2014-10-26,329.0,138.566633,1452.0,1342.0,16498.34
2014-10-27,235.0,124.73336,746.0,1000.0,13721.919999999998
2014-10-28,236.0,123.56669000000001,811.0,1065.0,12007.73
2014-10-29,245.0,113.716656,831.0,1069.0,14680.070000000002
2014-10-30,272.0,130.399972,860.0,1270.0,15778.900000000001
2014-10-31,308.0,140.98335999999998,1106.0,1405.0,17160.71
2014-11-01,643.0,217.01673000000002,2495.0,3085.0,36273.53
2014-11-02,422.0,129.483219,1791.0,1910.0,20601.35
2014-11-03,241.0,111.98328599999999,842.0,937.0,12753.22
2014-11-04,263.0,100.19993899999999,855.0,1179.0,14170.930000000002
2014-11-05,255.0,95.64996300000001,836.0,1220.0,15296.26
2014-11-06,288.0,125.383293,904.0,1388.0,16017.8
2014-11-07,492.0,159.68340600000005,1565.0,2839.0,24557.229999999996
2014-11-08,968.0,275.333288,3477.0,5576.0,46679.46000000001
2014-11-09,587.0,171.783262,2141.0,3491.0,30029.76
2014-11-10,327.0,136.43339600000002,1148.0,1864.0,16140.919999999998
2014-11-11,446.0,119.40006000000001,1804.0,2989.0,21922.049999999996
2014-11-12,294.0,131.116596,1118.0,1453.0,16109.32
2014-11-13,287.0,114.63333599999999,1059.0,1588.0,15621.949999999999
2014-11-14,434.0,152.466686,1690.0,2288.0,23263.11
2014-11-15,848.0,252.55003299999998,3706.0,4587.0,46098.28
2014-11-16,466.0,153.78329300000001,2096.0,2521.0,24257.1
2014-11-17,275.0,152.39992999999998,1013.0,1409.0,16302.680000000002
2014-11-18,296.0,124.06655699999999,1003.0,1421.0,15188.119999999999
2014-11-19,304.0,121.18334000000002,1023.0,1605.0,15406.18
2014-11-20,306.0,125.48339,1099.0,1478.0,16779.370000000003
2014-11-21,439.0,184.45021000000003,1551.0,2204.0,21847.339999999997
2014-11-22,813.0,271.44999999999993,3469.0,4267.0,44846.79
2014-11-23,489.0,196.95006000000004,2214.0,2526.0,26201.89
2014-11-24,339.0,150.78332000000003,1373.0,1722.0,18851.479999999996
2014-11-25,386.0,137.483293,1518.0,1677.0,19496.19
2014-11-26,674.0,302.84996900000004,2276.0,3239.0,41817.630000000005
2014-11-27,0.0,91.06663,4055.0,0.0,0.0
2014-11-28,3505.0,508.5665899999999,11119.0,17460.0,224932.22999999998
2014-11-29,820.0,338.34992500000004,3429.0,4540.0,46629.70000000001
2014-11-30,517.0,198.66665,2073.0,2316.0,28546.360000000004
2014-12-01,304.0,161.116516,1123.0,1391.0,17023.48
2014-12-02,324.0,133.24993000000003,994.0,1590.0,20928.43
2014-12-03,407.0,152.80001900000002,1289.0,1918.0,25043.079999999998
2014-12-04,594.0,196.733363,1654.0,2117.0,30881.11
2014-12-05,746.0,243.13340000000002,2355.0,2764.0,37297.869999999995
2014-12-06,1409.0,341.03335000000004,4782.0,7043.0,72908.62
2014-12-07,1076.0,253.150089,3678.0,5536.0,59003.69
2014-12-08,578.0,232.33333000000005,1837.0,1994.0,29472.120000000003
2014-12-09,529.0,203.983413,1568.0,1709.0,26512.449999999997
2014-12-10,672.0,236.76663900000003,2006.0,2388.0,39965.380000000005
2014-12-11,706.0,202.36668,2004.0,2484.0,39313.47
2014-12-12,1052.0,299.61669299999994,2939.0,3537.0,58633.579999999994
2014-12-13,1514.0,338.10017000000005,4861.0,5057.0,76600.00000000001
2014-12-14,1230.0,255.91665999999998,4158.0,3927.0,64672.780000000006
2014-12-15,887.0,250.76679000000004,2481.0,2731.0,44121.479999999996
2014-12-16,938.0,215.56652,2560.0,2717.0,47275.01999999999
2014-12-17,1130.0,266.733436,3093.0,3656.0,57658.60999999999
2014-12-18,1440.0,238.06662000000003,3754.0,4941.0,67069.0
2014-12-19,1751.0,312.31665599999997,4622.0,6098.0,85793.81999999999
2014-12-20,1825.0,380.9999,6260.0,6437.0,92223.33
2014-12-21,1620.0,351.98348599999997,5800.0,5736.0,85496.89000000001
2014-12-22,1366.0,333.59986999999995,4876.0,4243.0,76724.09
2014-12-23,1485.0,305.06665999999996,4857.0,4637.0,83632.43000000001
2014-12-24,734.0,154.10003,2335.0,2486.0,45245.3
2014-12-26,1360.0,378.41648,5509.0,4128.0,69428.14
2014-12-27,994.0,333.86665999999997,4301.0,2913.0,49782.79
2014-12-28,759.0,190.799898,3133.0,2260.0,37851.170000000006
2014-12-29,800.0,210.383216,3262.0,2236.0,39500.6
2014-12-30,903.0,207.76666099999997,3394.0,2491.0,46147.48000000001
2014-12-31,524.0,139.200065,1891.0,1562.0,29001.409999999996
2015-01-01,406.0,123.80015900000001,1875.0,1348.0,21357.25
2015-01-02,1890.0,367.616841,5512.0,8092.0,130314.03
2015-01-03,1393.0,339.81655600000005,4428.0,5378.0,76814.51
2015-01-04,785.0,196.08314599999997,2444.0,2908.0,47299.53
2015-01-05,606.0,165.49994999999998,1959.0,2083.0,31791.98
2015-01-06,518.0,140.01672,1533.0,1789.0,27826.73
2015-01-07,523.0,152.29991999999996,1842.0,1849.0,29100.54
2015-01-08,491.0,135.89996000000002,1365.0,1696.0,20759.850000000006
2015-01-09,757.0,204.75000000000003,2262.0,2615.0,35037.31
2015-01-10,1196.0,261.649963,3847.0,4637.0,54561.86000000001
2015-01-11,749.0,188.316654,2635.0,2948.0,36392.63
2015-01-12,468.0,157.56675600000005,1165.0,1512.0,15254.03
2015-01-13,487.0,134.783376,1161.0,2092.0,18974.47
2015-01-14,521.0,133.98339299999998,1323.0,2446.0,23697.660000000003
2015-01-15,516.0,124.88331600000001,1277.0,2025.0,20289.37
2015-01-16,729.0,207.25006600000006,1894.0,2909.0,27023.299999999996
2015-01-17,1047.0,259.80013,3453.0,5083.0,50127.479999999996
2015-01-18,609.0,132.799891,2194.0,2978.0,26134.359999999997
2015-01-19,541.0,143.06666,1873.0,2205.0,19187.399999999998
2015-01-20,353.0,119.03325299999999,963.0,1547.0,17463.16
2015-01-21,395.0,136.183336,1021.0,1526.0,18674.64
2015-01-22,381.0,122.516586,1010.0,1401.0,17057.72
2015-01-23,523.0,171.583392,1489.0,1859.0,21673.849999999995
2015-01-24,833.0,191.44991,2847.0,3113.0,36535.89000000001
2015-01-25,466.0,129.23339000000004,1670.0,1943.0,22536.899999999998
2015-01-26,272.0,109.08326,758.0,898.0,10564.169999999998
2015-01-27,256.0,99.999973,749.0,880.0,9959.119999999999
2015-01-28,276.0,110.49999,856.0,1071.0,14849.749999999998
2015-01-29,322.0,109.033282,848.0,1414.0,15759.789999999999
2015-01-30,414.0,139.20008900000002,1296.0,1641.0,21454.1
2015-01-31,744.0,203.416548,2694.0,2824.0,37423.21
2015-02-01,48.0,34.649986,152.0,223.0,2682.9300000000003
2015-02-02,275.0,104.883313,983.0,1178.0,13962.300000000001
2015-02-03,201.0,102.849983,641.0,791.0,13756.63
2015-02-04,231.0,103.15006000000001,785.0,870.0,12836.909999999998
2015-02-05,237.0,106.466604,871.0,1024.0,14451.529999999999
2015-02-06,426.0,154.94988600000002,1464.0,1429.0,25045.3
2015-02-07,835.0,222.483426,3249.0,3418.0,49981.42999999999
2015-02-08,584.0,204.18336000000002,2442.0,2869.0,38746.159999999996
2015-02-09,243.0,132.783353,962.0,949.0,15234.990000000002
2015-02-10,349.0,134.850079,1113.0,1352.0,20298.030000000002
2015-02-11,388.0,151.83336,1223.0,1495.0,23301.85
2015-02-12,445.0,159.699896,1292.0,1574.0,28596.870000000003
2015-02-13,729.0,235.76662000000002,2147.0,2919.0,48792.32
2015-02-14,897.0,224.88336299999995,3274.0,3301.0,54890.350000000006
2015-02-15,490.0,140.816666,2021.0,2016.0,29038.64
2015-02-16,416.0,126.74983,1710.0,1594.0,22538.489999999998
2015-02-17,236.0,140.099963,797.0,839.0,13017.07
2015-02-18,225.0,118.63339900000001,750.0,898.0,13150.7
2015-02-19,267.0,71.76666800000001,1038.0,927.0,15453.08
2015-02-20,393.0,141.65004000000002,1334.0,1560.0,23206.039999999997
2015-02-21,739.0,218.64996000000005,2911.0,2873.0,43130.85
2015-02-22,525.0,127.93329800000002,2161.0,2103.0,28443.399999999998
2015-02-23,274.0,110.46661000000002,946.0,1020.0,15570.75
2015-02-24,308.0,119.94996000000002,1026.0,1691.0,18929.5
2015-02-25,317.0,106.61666600000001,1053.0,1742.0,21019.51
2015-02-26,304.0,115.56669600000001,1053.0,1522.0,18000.98
2015-02-27,523.0,141.933306,1879.0,2537.0,28423.440000000002
2015-02-28,977.0,219.41645999999997,3891.0,5025.0,55833.409999999996
2015-03-01,510.0,0.0,0.0,2641.0,28420.329999999998
2015-03-02,269.0,87.08331600000001,1087.0,1132.0,13675.33
2015-03-03,240.0,68.516656,868.0,1155.0,13025.31
2015-03-04,288.0,86.216656,1107.0,1317.0,15266.42
2015-03-05,334.0,102.93332999999998,1184.0,1512.0,15891.21
2015-03-06,451.0,162.03322000000003,1744.0,2196.0,26073.7
2015-03-07,955.0,256.766586,3978.0,4658.0,51988.71
2015-03-08,602.0,156.15005,2295.0,2796.0,32394.010000000002
2015-03-09,294.0,119.10000000000001,1094.0,1400.0,17271.22
2015-03-10,268.0,106.133303,967.0,1220.0,13991.58
2015-03-11,271.0,105.45001200000002,1143.0,1199.0,15813.910000000002
2015-03-12,317.0,88.46665399999998,1111.0,1430.0,18102.74
2015-03-13,411.0,143.98332,1666.0,1947.0,23021.939999999995
2015-03-14,739.0,219.16666200000003,3042.0,3894.0,43163.01000000001
2015-03-15,492.0,159.96663600000005,2024.0,2333.0,26757.33
2015-03-16,311.0,109.45002,1066.0,1518.0,17621.98
2015-03-17,304.0,124.11654600000003,1028.0,1293.0,17372.22
2015-03-18,280.0,100.133332,989.0,1244.0,15866.44
2015-03-19,430.0,145.566553,1262.0,2657.0,22168.910000000003
2015-03-20,582.0,164.89993499999997,1773.0,3521.0,26516.26
2015-03-21,985.0,222.71668,3431.0,5865.0,53311.39
2015-03-22,580.0,154.94991599999997,2398.0,3627.0,29573.879999999997
2015-03-23,367.0,139.93337,1429.0,2187.0,18142.72
2015-03-24,379.0,118.666652,0.0,2048.0,21546.540000000005
2015-03-25,344.0,108.04998,1606.0,1731.0,20216.079999999998
2015-03-26,396.0,116.06666,1463.0,1875.0,22552.979999999996
2015-03-27,497.0,135.15006,1916.0,2531.0,28931.930000000004
2015-03-28,803.0,222.78330200000002,3211.0,4000.0,48765.76
2015-03-29,440.0,166.01659899999999,1903.0,1675.0,23276.99
2015-03-30,371.0,136.96661999999998,1270.0,1321.0,18118.809999999998
2015-03-31,363.0,112.91666000000001,1138.0,1457.0,19342.63
2015-04-01,367.0,119.04993999999999,1191.0,1405.0,20360.68
2015-04-02,384.0,125.71663000000002,1485.0,1478.0,21698.8
2015-04-03,647.0,190.550122,2417.0,2472.0,33575.17
2015-04-04,788.0,200.79996900000006,3099.0,2812.0,41514.58
2015-04-06,336.0,145.59996,1278.0,1240.0,17897.86
2015-04-07,316.0,155.849992,1035.0,1218.0,19815.42
2015-04-08,360.0,134.56662000000003,1032.0,1156.0,19367.34
2015-04-09,322.0,151.766556,1113.0,1135.0,19069.47
2015-04-10,501.0,175.30002000000002,1684.0,1713.0,27988.9
2015-04-11,755.0,258.51652900000005,2734.0,2496.0,46450.31
2015-04-12,443.0,157.38323000000003,1760.0,1547.0,26149.840000000004
2015-04-13,285.0,133.16662,830.0,1002.0,16751.93
2015-04-14,285.0,104.63329900000001,756.0,993.0,14607.980000000003
2015-04-15,295.0,105.433396,895.0,1049.0,16912.59
2015-04-16,313.0,117.66655800000001,916.0,1172.0,18930.09
2015-04-17,419.0,144.666776,1209.0,1610.0,24936.459999999995
2015-04-18,748.0,236.333369,2627.0,2812.0,45812.58
2015-04-19,524.0,150.8833,1859.0,1817.0,27743.580000000005
2015-04-20,320.0,94.866649,971.0,1159.0,15728.420000000002
2015-04-21,338.0,117.31661000000003,966.0,1175.0,19225.36
2015-04-22,345.0,92.216636,1015.0,1201.0,18618.33
2015-04-23,361.0,112.33330899999999,943.0,1222.0,19874.12
2015-04-24,466.0,128.25005000000002,1453.0,1654.0,25521.410000000003
2015-04-25,905.0,238.46662,3155.0,3384.0,55006.08
2015-04-26,593.0,127.85004600000002,1975.0,2211.0,32363.800000000003
2015-04-27,374.0,93.39999999999999,1073.0,1335.0,18003.239999999998
2015-04-28,389.0,112.71663200000002,976.0,1165.0,19772.79
2015-04-29,269.0,89.883309,821.0,837.0,14290.64
2015-04-30,269.0,89.51667499999999,788.0,867.0,15117.689999999999
2015-05-01,307.0,124.60002,1091.0,1089.0,18601.88
2015-05-02,545.0,234.816579,1780.0,2203.0,34622.259999999995
2015-05-03,331.0,141.80013,1286.0,1289.0,20309.43
2015-05-04,261.0,117.44998,879.0,994.0,14365.61
2015-05-05,306.0,106.49998900000001,1066.0,1386.0,17481.260000000002
2015-05-06,302.0,100.74997999999998,1090.0,1276.0,15856.28
2015-05-07,337.0,112.08335000000001,1092.0,1410.0,19494.77
2015-05-08,467.0,129.46666,1653.0,1887.0,25300.58
2015-05-09,891.0,223.04998999999998,3475.0,3793.0,48157.700000000004
2015-05-10,460.0,139.88334,1871.0,2126.0,27850.710000000003
2015-05-11,319.0,104.48333000000001,1316.0,1377.0,18506.91
2015-05-12,335.0,104.083316,975.0,1315.0,19838.440000000002
2015-05-13,352.0,100.21667599999999,1096.0,1437.0,21283.52
2015-05-14,326.0,98.21663900000001,1080.0,1303.0,18280.999999999996
2015-05-15,423.0,133.449992,1396.0,1615.0,24074.359999999997
2015-05-16,647.0,220.099956,2459.0,2654.0,40216.29
2015-05-17,450.0,152.54996599999998,1666.0,1740.0,27778.32
2015-05-18,323.0,109.29998,1086.0,1115.0,17643.699999999997
2015-05-19,397.0,106.399976,1273.0,1475.0,22447.36
2015-05-20,407.0,106.28331600000001,1254.0,1575.0,25128.250000000004
2015-05-21,493.0,124.833343,1299.0,2681.0,27906.350000000002
2015-05-22,562.0,152.30003599999998,1717.0,2721.0,30729.56
2015-05-23,727.0,224.866659,2311.0,3688.0,43489.969999999994
2015-05-24,598.0,159.950026,2094.0,3009.0,31909.229999999996
2015-05-25,727.0,146.7667,2904.0,3718.0,40755.05999999999
2015-05-26,308.0,104.616656,1042.0,1223.0,17215.620000000003
2015-05-27,350.0,126.283336,1090.0,1250.0,18893.1
2015-05-28,343.0,108.449996,1035.0,1183.0,18618.25
2015-05-29,471.0,122.516675,1378.0,1618.0,27047.72
2015-05-30,786.0,234.14985199999998,2524.0,2719.0,40723.060000000005
2015-05-31,515.0,154.299956,1873.0,1973.0,30296.64
2015-06-01,356.0,110.41668000000001,1277.0,1147.0,20610.68
2015-06-02,300.0,115.316663,1000.0,852.0,15841.64
2015-06-03,317.0,103.933307,1113.0,1143.0,20282.48
2015-06-04,380.0,111.49997600000002,1275.0,1178.0,19842.51
2015-06-05,542.0,123.883423,1840.0,1775.0,29800.289999999997
2015-06-06,655.0,197.983439,2294.0,2040.0,37173.25
2015-06-07,521.0,128.916696,2116.0,1771.0,28769.519999999997
2015-06-08,275.0,87.866649,970.0,901.0,17923.159999999996
2015-06-09,1070.0,293.86668999999995,2583.0,4592.0,75688.58
2015-06-10,751.0,219.28333,1990.0,3042.0,47576.549999999996
2015-06-11,813.0,217.13335,2326.0,2985.0,50644.020000000004
2015-06-12,979.0,217.16662999999997,2642.0,3468.0,55499.76
2015-06-13,955.0,243.533196,2867.0,3676.0,53078.19000000001
2015-06-14,720.0,151.983263,2231.0,2690.0,38097.020000000004
2015-06-15,463.0,148.200056,1459.0,1567.0,23795.85
2015-06-16,518.0,131.449883,1536.0,1825.0,25403.079999999994
2015-06-17,581.0,126.449996,1759.0,2219.0,30375.45
2015-06-18,490.0,136.533293,1484.0,1856.0,25023.189999999995
2015-06-19,637.0,169.01665799999998,1885.0,2016.0,27100.200000000004
2015-06-20,837.0,245.56653100000003,2493.0,3184.0,40296.31999999999
2015-06-21,452.0,175.03325999999998,1412.0,1500.0,19105.699999999997
2015-06-22,519.0,124.0666,1735.0,1811.0,23233.27
2015-06-23,495.0,132.100003,1165.0,1807.0,16930.57
2015-06-24,511.0,115.08331,1332.0,2094.0,18817.36
2015-06-25,495.0,142.33337,1414.0,1825.0,22679.14
2015-06-26,613.0,144.23327500000002,1726.0,2119.0,25296.06
2015-06-27,624.0,234.24992300000002,1787.0,2253.0,29433.989999999998
2015-06-28,470.0,193.75009599999998,1396.0,2027.0,23292.14
2015-06-29,444.0,110.71662999999998,1360.0,1736.0,22313.719999999998
2015-06-30,472.0,112.116738,1243.0,1954.0,22280.82
2015-07-01,557.0,133.28341999999998,1432.0,2397.0,31301.420000000006
2015-07-02,620.0,167.54996,1631.0,2349.0,28475.0
2015-07-03,817.0,214.866556,2112.0,2910.0,39241.89000000001
2015-07-04,441.0,158.13327900000002,1134.0,1834.0,22478.55
2015-07-05,357.0,126.00006199999999,1270.0,1238.0,19202.15
2015-07-06,339.0,107.550012,1183.0,1044.0,15105.45
2015-07-07,449.0,108.68330600000002,1477.0,1712.0,22609.2
2015-07-08,432.0,119.28333899999998,1412.0,1653.0,19734.98
2015-07-09,427.0,138.333366,1405.0,1674.0,21353.789999999997
2015-07-10,524.0,147.28338599999998,1820.0,2066.0,26086.909999999996
2015-07-11,703.0,210.03336,2468.0,2918.0,32752.71
2015-07-12,438.0,139.59989000000002,1633.0,2064.0,22066.0
2015-07-13,413.0,134.88334,1293.0,1565.0,16821.260000000002
2015-07-14,371.0,114.900036,1282.0,1424.0,17671.690000000002
2015-07-15,367.0,121.74998200000002,1311.0,1408.0,18379.78
2015-07-16,484.0,131.400019,1728.0,2222.0,23655.88
2015-07-17,611.0,161.650007,1987.0,3053.0,28956.85
2015-07-18,789.0,223.53323100000003,2601.0,3847.0,35143.329999999994
2015-07-19,473.0,157.98335999999998,1875.0,1909.0,22095.74
2015-07-20,397.0,138.46659,1473.0,1679.0,20273.6
2015-07-21,367.0,114.51658800000001,1338.0,1220.0,16313.949999999999
2015-07-22,374.0,113.900016,1388.0,1312.0,18492.13
2015-07-23,382.0,122.433261,1518.0,1417.0,20538.63
2015-07-24,436.0,160.849932,1623.0,1568.0,23400.05
2015-07-25,615.0,229.60009100000002,2449.0,2179.0,32815.979999999996
2015-07-26,454.0,125.750052,1938.0,1647.0,21269.140000000003
2015-07-27,385.0,110.633403,1628.0,1546.0,19730.299999999996
2015-07-28,458.0,126.166512,1798.0,2137.0,24468.890000000003
2015-07-29,484.0,133.266626,1936.0,2316.0,27925.13
2015-07-30,496.0,142.350076,1806.0,2127.0,26739.769999999997
2015-07-31,552.0,150.51664,2135.0,2417.0,29792.11
2015-08-01,594.0,206.23318200000003,2592.0,2553.0,32083.459999999995
2015-08-02,475.0,170.150003,1971.0,2003.0,25652.550000000003
2015-08-03,373.0,154.99999599999998,1514.0,1626.0,21804.72
2015-08-04,357.0,125.91660999999999,1470.0,1442.0,20687.120000000003
2015-08-05,371.0,127.29998499999999,1563.0,1627.0,21195.039999999997
2015-08-06,361.0,134.583283,1496.0,1370.0,20021.300000000003
2015-08-07,552.0,164.516699,2026.0,2096.0,31132.670000000002
2015-08-08,628.0,199.416692,2609.0,2350.0,35965.42
2015-08-09,465.0,172.91652700000003,2164.0,1835.0,26561.97
2015-08-10,386.0,144.733241,1789.0,1475.0,20848.57
2015-08-11,379.0,146.083413,1622.0,1465.0,17923.63
2015-08-12,329.0,150.883358,1338.0,1286.0,19040.18
2015-08-13,367.0,160.39996299999999,1373.0,1462.0,19977.89
2015-08-14,421.0,157.65006,1706.0,1607.0,23314.43
2015-08-15,582.0,200.75002700000002,2287.0,2347.0,32292.32
2015-08-16,355.0,155.76659300000003,1560.0,1507.0,21288.66
2015-08-17,336.0,133.050021,1401.0,1360.0,19634.02
2015-08-18,356.0,127.816649,1329.0,1401.0,21114.370000000003
2015-08-19,361.0,119.33334300000001,1360.0,1371.0,18978.450000000004
2015-08-20,332.0,116.516632,1259.0,1251.0,18365.539999999997
2015-08-21,450.0,155.28325,1699.0,1741.0,26201.940000000002
2015-08-22,578.0,227.14996899999997,2276.0,2318.0,35193.600000000006
2015-08-23,458.0,180.83333,1897.0,1855.0,24715.329999999998
2015-08-24,371.0,129.133399,1376.0,1508.0,20217.399999999998
2015-08-25,366.0,157.933446,1355.0,1577.0,18476.64
2015-08-26,316.0,107.43332000000001,1085.0,1267.0,15007.15
2015-08-27,386.0,147.74998699999998,1105.0,2151.0,25547.66
2015-08-28,426.0,157.566706,1415.0,1794.0,22649.17
2015-08-29,810.0,259.84986,3022.0,3649.0,43142.53999999999
2015-08-30,520.0,130.100024,2060.0,2083.0,28721.780000000002
2015-08-31,285.0,118.75006300000001,934.0,1006.0,14634.86
2015-09-01,287.0,104.38336600000001,930.0,994.0,15684.689999999999
2015-09-02,271.0,129.299916,897.0,985.0,13286.47
2015-09-03,348.0,127.41668999999996,1032.0,1954.0,15996.279999999999
2015-09-04,467.0,152.23349499999998,1427.0,2250.0,21920.770000000004
2015-09-05,662.0,232.133329,2293.0,3382.0,31725.97
2015-09-06,463.0,176.19996,1701.0,2377.0,22878.32
2015-09-07,644.0,167.61669,2513.0,3649.0,36700.770000000004
2015-09-08,228.0,121.01661,856.0,795.0,12265.66
2015-09-09,232.0,107.18332000000001,819.0,828.0,10613.14
2015-09-10,298.0,138.766696,996.0,1144.0,17242.929999999997
2015-09-11,412.0,149.86666,1446.0,1508.0,20343.41
2015-09-12,591.0,246.33320200000003,2441.0,2250.0,32862.79
2015-09-13,375.0,152.950123,1588.0,1466.0,17641.93
2015-09-14,239.0,107.64994999999999,910.0,989.0,12220.25
2015-09-15,291.0,119.499975,1002.0,1343.0,19190.449999999997
2015-09-16,313.0,121.36674000000001,1048.0,1423.0,16194.579999999998
2015-09-17,339.0,126.416495,999.0,1500.0,21080.21
2015-09-18,443.0,149.433286,1562.0,1992.0,24714.64
2015-09-19,773.0,226.28337000000002,3036.0,3341.0,40055.94
2015-09-20,460.0,195.549883,1870.0,1996.0,23814.640000000003
2015-09-21,304.0,132.4,1062.0,1416.0,15484.89
2015-09-22,291.0,135.48338300000003,799.0,1045.0,14645.32
2015-09-23,353.0,116.76669599999998,987.0,1238.0,17206.46
2015-09-24,298.0,135.050103,899.0,1220.0,15346.33
2015-09-25,405.0,172.599896,1328.0,1410.0,20472.53
2015-09-26,579.0,242.86661999999998,2176.0,2309.0,30222.019999999993
2015-09-27,414.0,170.85003199999997,1396.0,1462.0,19031.75
2015-09-28,276.0,161.99988000000002,778.0,1115.0,13314.480000000001
2015-09-29,278.0,127.61680599999998,864.0,1002.0,13991.7
2015-09-30,299.0,121.88333,930.0,1229.0,14892.130000000001
2015-10-01,286.0,142.500033,896.0,1298.0,18560.48
2015-10-02,354.0,167.64989300000002,1201.0,1387.0,17860.06
2015-10-03,644.0,261.19995599999993,2373.0,2298.0,32483.2
2015-10-04,382.0,146.300029,1544.0,1402.0,18531.2
2015-10-05,230.0,103.44999399999999,798.0,827.0,12548.339999999998
2015-10-06,229.0,104.950015,764.0,875.0,12288.880000000001
2015-10-07,223.0,123.94994300000002,712.0,869.0,12674.12
2015-10-08,291.0,136.66658200000003,906.0,1364.0,15705.84
2015-10-09,469.0,178.6666,1506.0,2264.0,23183.370000000003
2015-10-10,755.0,236.366519,2664.0,4013.0,35315.4
2015-10-11,432.0,169.94996799999998,1534.0,2243.0,20936.73
2015-10-12,387.0,155.14991600000002,1362.0,1452.0,19495.13
2015-10-13,257.0,129.366726,803.0,1023.0,14611.79
2015-10-14,278.0,133.900097,873.0,968.0,14754.310000000003
2015-10-15,280.0,137.29997999999998,874.0,1037.0,13182.29
2015-10-16,393.0,151.716546,1350.0,1371.0,20778.35
2015-10-17,658.0,236.58339600000002,2571.0,2690.0,34211.29
2015-10-18,391.0,155.21679,1618.0,1594.0,18944.12
2015-10-19,314.0,114.48319500000001,985.0,1077.0,14513.44
2015-10-20,244.0,125.73336,898.0,1159.0,14695.95
2015-10-21,220.0,111.11675600000001,910.0,990.0,11477.81
2015-10-22,239.0,94.649961,978.0,1068.0,12227.84
2015-10-23,350.0,119.76669000000001,1489.0,1534.0,17554.739999999998
2015-10-24,335.0,135.93334900000002,1688.0,1602.0,19160.75
2015-10-25,342.0,145.23333,1736.0,1663.0,20955.77
2015-10-26,224.0,131.83333000000002,811.0,884.0,12622.369999999999
2015-10-27,204.0,115.19998,817.0,948.0,12377.880000000001
2015-10-28,259.0,125.16663,927.0,1198.0,16396.22
2015-10-29,256.0,99.48331500000002,961.0,1227.0,12600.609999999999
2015-10-30,309.0,133.399959,1292.0,1441.0,18958.559999999998
2015-10-31,471.0,174.816553,2247.0,2182.0,27119.100000000002
2015-11-01,317.0,122.850096,1531.0,1569.0,19152.96
2015-11-02,200.0,100.43330599999999,772.0,846.0,11920.390000000001
2015-11-03,198.0,101.933319,768.0,772.0,10405.699999999999
2015-11-04,229.0,92.68331099999999,787.0,983.0,11598.71
2015-11-05,227.0,126.61664200000001,921.0,1007.0,14050.410000000002
2015-11-06,339.0,146.63318900000002,1472.0,1364.0,18399.690000000002
2015-11-07,657.0,188.28326299999998,3208.0,3014.0,38794.3
2015-11-08,383.0,139.05006100000003,2032.0,1878.0,21600.1
2015-11-09,237.0,110.56665600000001,1014.0,1072.0,12685.18
2015-11-10,302.0,112.666692,1100.0,1250.0,15635.239999999998
2015-11-11,433.0,103.083301,1597.0,2432.0,21772.91
2015-11-12,325.0,155.89998300000002,1041.0,1886.0,18766.44
2015-11-13,493.0,182.71662,1842.0,2626.0,27197.43
2015-11-14,921.0,291.133256,3895.0,4930.0,45233.92
2015-11-15,529.0,172.433408,2257.0,3053.0,25539.260000000002
2015-11-16,255.0,141.18327599999998,883.0,1066.0,12239.009999999998
2015-11-17,225.0,156.266625,882.0,857.0,11536.79
2015-11-18,284.0,142.216729,1016.0,1148.0,14859.109999999999
2015-11-19,308.0,153.88324599999999,1091.0,1315.0,15371.44
2015-11-20,426.0,169.350016,1602.0,1820.0,22147.3
2015-11-21,413.0,247.033285,2035.0,2014.0,25098.769999999997
2015-11-22,481.0,185.750036,2237.0,2233.0,26999.37
2015-11-23,321.0,157.21659999999997,1440.0,1358.0,17753.19
2015-11-24,355.0,184.79998999999998,1488.0,1397.0,18117.71
2015-11-25,633.0,255.483479,2462.0,2815.0,36298.46000000001
2015-11-26,0.0,9.566666,5256.0,0.0,0.0
2015-11-27,3486.0,457.983396,9985.0,17373.0,232870.03999999998
2015-11-28,1049.0,421.4500299999999,4535.0,4667.0,60771.13
2015-11-29,682.0,229.90000600000002,2838.0,2931.0,36431.95
2015-11-30,415.0,158.29999599999996,1375.0,1875.0,23369.07
2015-12-01,425.0,169.71663099999998,1382.0,1312.0,22174.480000000003
2015-12-02,451.0,163.366576,1414.0,1435.0,25345.539999999997
2015-12-03,478.0,184.933396,1470.0,1614.0,26803.72
2015-12-04,650.0,241.23322799999997,2325.0,2161.0,33074.11000000001
2015-12-05,1317.0,398.56666,4635.0,6362.0,67223.26
2015-12-06,1036.0,288.566492,3593.0,5045.0,52952.62
2015-12-07,694.0,214.766659,1872.0,2959.0,31721.84
2015-12-08,632.0,184.70002200000002,1720.0,2214.0,39149.03
2015-12-09,593.0,172.33332800000002,1925.0,2043.0,33738.630000000005
